Id,MSSubClass,LotFrontage,LotArea,OverallQual,OverallCond,YearBuilt,YearRemodAdd,MasVnrArea,BsmtFinSF1,BsmtFinSF2,BsmtUnfSF,TotalBsmtSF,1stFlrSF,2ndFlrSF,LowQualFinSF,GrLivArea,BsmtFullBath,BsmtHalfBath,FullBath,HalfBath,BedroomAbvGr,KitchenAbvGr,TotRmsAbvGrd,Fireplaces,GarageYrBlt,GarageCars,GarageArea,WoodDeckSF,OpenPorchSF,EnclosedPorch,3SsnPorch,ScreenPorch,PoolArea,MiscVal,MoSold,YrSold,SalePrice
1287,20,,9790,6,5,1963,1963,451.0,569,81,678,1328,1328,0,0,1328,1,0,1,1,3,1,6,2,1963.0,2,528,0,26,0,0,0,0,0,6,2010,143000
699,20,65.0,8450,5,8,1965,2009,0.0,553,117,224,894,894,0,0,894,1,0,1,0,3,1,5,1,1973.0,1,336,416,144,0,0,0,0,0,4,2010,138500
530,20,,32668,6,3,1957,1975,,1219,0,816,2035,2515,0,0,2515,1,0,3,0,4,2,9,2,1975.0,2,484,0,0,200,0,0,0,0,3,2007,200624
391,50,50.0,8405,5,8,1900,1950,0.0,241,391,229,861,961,406,0,1367,1,0,1,0,4,1,7,0,1978.0,1,384,0,130,112,0,0,0,0,4,2008,119000
619,20,90.0,11694,9,5,2007,2007,452.0,48,0,1774,1822,1828,0,0,1828,0,0,2,0,3,1,9,1,2007.0,3,774,0,108,0,0,260,0,0,7,2007,314813
1257,20,91.0,14303,8,5,1994,1994,554.0,1314,0,672,1986,1987,0,0,1987,1,0,2,0,2,1,7,1,1994.0,2,691,262,36,0,0,0,0,0,8,2008,301500
859,20,80.0,10400,7,5,1976,1976,189.0,0,0,1090,1090,1370,0,0,1370,0,0,2,0,3,1,6,1,1976.0,2,479,0,0,0,0,0,0,0,6,2009,152000
974,20,95.0,11639,7,5,2007,2008,,0,0,1428,1428,1428,0,0,1428,0,0,2,0,3,1,6,0,2007.0,2,480,0,120,0,0,0,0,0,12,2008,182000
108,20,50.0,6000,5,5,1948,1950,0.0,104,169,516,789,789,0,0,789,0,0,1,0,2,1,5,0,1948.0,1,250,0,0,0,0,0,0,0,4,2008,115000
1446,85,70.0,8400,6,5,1966,1966,0.0,187,627,0,814,913,0,0,913,1,0,1,0,3,1,6,0,1990.0,1,240,0,0,252,0,0,0,0,5,2007,129000
91,20,60.0,7200,4,5,1950,1950,0.0,0,0,0,0,1040,0,0,1040,0,0,1,0,2,1,4,0,1950.0,2,420,0,29,0,0,0,0,0,7,2006,109900
723,20,70.0,8120,4,7,1970,1970,0.0,191,0,673,864,864,0,0,864,0,0,1,0,3,1,5,0,1994.0,2,463,0,0,0,0,0,0,0,7,2009,124500
84,20,80.0,8892,5,5,1960,1960,66.0,0,0,1065,1065,1065,0,0,1065,0,0,1,1,3,1,6,0,1974.0,2,461,74,0,0,0,0,0,0,7,2007,126500
1005,120,43.0,3182,7,5,2005,2006,16.0,16,0,1330,1346,1504,0,0,1504,0,0,2,0,1,1,7,1,2005.0,2,457,156,0,0,0,0,0,0,5,2009,181000
1170,60,118.0,35760,10,5,1995,1996,1378.0,1387,0,543,1930,1831,1796,0,3627,1,0,3,1,4,1,10,1,1995.0,3,807,361,76,0,0,0,0,0,7,2006,625000
472,60,92.0,11952,7,6,1977,1977,0.0,0,0,808,808,1161,808,0,1969,0,0,2,1,3,1,8,1,1977.0,2,534,0,0,0,0,276,0,0,11,2007,190000
224,20,70.0,10500,4,6,1971,1971,0.0,524,180,160,864,864,0,0,864,0,0,1,0,2,1,4,0,1989.0,2,576,216,0,0,0,0,0,0,3,2009,97000
1356,80,102.0,10192,7,6,1968,1992,143.0,0,0,570,570,1222,698,0,1920,0,0,3,0,4,1,8,1,1968.0,2,487,0,98,0,0,0,0,0,9,2006,170000
1315,20,60.0,8190,4,6,1954,1954,0.0,732,0,216,948,948,0,0,948,1,0,1,0,3,1,5,1,1956.0,1,280,0,36,0,0,0,0,0,10,2007,119000
1458,70,66.0,9042,7,9,1941,2006,0.0,275,0,877,1152,1188,1152,0,2340,0,0,2,0,4,1,9,2,1941.0,1,252,0,60,0,0,0,0,2500,5,2010,266500
1078,20,,15870,5,5,1969,1969,0.0,75,791,230,1096,1096,0,0,1096,1,0,1,0,3,1,6,0,1969.0,1,299,240,32,0,0,0,0,0,3,2006,138800
323,60,86.0,10380,7,5,1986,1987,172.0,28,1474,0,1502,1553,1177,0,2730,1,0,2,1,4,1,8,1,1987.0,2,576,201,96,0,0,0,0,0,8,2007,301000
522,20,90.0,11988,6,6,1957,1957,0.0,777,0,467,1244,1244,0,0,1244,0,0,1,1,3,1,6,2,1957.0,1,336,0,40,0,0,0,0,0,5,2007,150000
1092,160,24.0,2160,7,5,1999,2000,212.0,510,0,90,600,624,628,0,1252,1,0,2,1,2,1,4,0,1999.0,2,462,0,48,0,0,0,0,0,3,2008,160000
65,60,,9375,7,5,1997,1998,573.0,739,0,318,1057,1057,977,0,2034,1,0,2,1,3,1,8,0,1998.0,2,645,576,36,0,0,0,0,0,2,2009,219500
915,160,30.0,3000,6,5,2009,2009,76.0,294,0,318,612,612,612,0,1224,0,0,2,1,2,1,4,0,2009.0,2,528,0,234,0,0,0,0,0,6,2009,173733
879,85,88.0,11782,5,7,1961,1995,0.0,899,0,210,1109,1155,0,0,1155,1,0,1,0,3,1,6,0,1987.0,2,576,192,0,0,0,0,0,400,6,2010,148000
733,60,75.0,11404,7,5,1998,1999,202.0,252,0,901,1153,1153,878,0,2031,0,0,2,1,3,1,8,1,1998.0,2,541,192,84,0,0,0,0,0,7,2008,222500
536,190,70.0,7000,5,7,1910,1991,0.0,969,0,148,1117,820,527,0,1347,1,0,1,0,3,1,5,0,,0,0,85,0,148,0,0,0,0,1,2008,107500
962,60,,12227,6,7,1977,1995,424.0,896,0,434,1330,1542,1330,0,2872,1,0,2,1,4,1,11,1,1977.0,2,619,550,282,0,0,0,0,0,7,2008,272000
1288,20,,36500,5,5,1964,1964,621.0,812,0,812,1624,1582,0,0,1582,0,1,2,0,4,1,7,0,1964.0,2,390,168,198,0,0,0,0,0,6,2006,190000
1242,20,83.0,9849,7,6,2007,2007,0.0,0,0,1689,1689,1689,0,0,1689,0,0,2,0,3,1,7,0,2007.0,3,954,0,56,0,0,0,0,0,6,2007,248328
306,20,80.0,10386,8,5,2004,2005,246.0,1464,0,536,2000,2000,0,0,2000,1,0,2,0,3,1,8,0,2004.0,3,888,168,0,0,0,0,0,0,7,2007,305900
1273,20,,13526,5,6,1965,1965,114.0,560,375,0,935,935,0,0,935,1,0,1,0,3,1,5,0,1965.0,1,288,180,0,0,0,0,0,0,11,2006,137000
1254,60,,17542,7,7,1974,2003,0.0,125,1031,36,1192,1516,651,0,2167,1,0,2,1,3,1,9,2,1974.0,2,518,220,47,0,0,0,0,0,7,2007,294000
1109,60,,8063,6,5,2000,2000,0.0,0,0,924,924,948,742,0,1690,0,0,2,1,3,1,7,1,2000.0,2,463,100,48,0,0,0,0,0,11,2007,181000
585,50,51.0,6120,4,7,1935,1995,0.0,0,0,884,884,989,584,0,1573,0,0,1,0,3,1,6,0,1935.0,1,240,0,0,54,0,120,0,0,7,2009,133000
1366,60,,7500,7,5,2000,2000,0.0,533,0,281,814,814,860,0,1674,1,0,2,1,3,1,7,0,2000.0,2,663,0,96,0,0,0,0,0,1,2010,216000
294,60,,16659,7,7,1977,1994,34.0,795,0,0,795,1468,795,0,2263,1,0,2,1,3,1,9,1,1977.0,2,539,0,250,0,0,0,0,0,3,2006,235000
452,20,62.0,70761,7,5,1975,1975,0.0,655,0,878,1533,1533,0,0,1533,1,0,2,0,2,1,5,2,1975.0,2,576,200,54,0,0,0,0,0,12,2006,280000
36,60,108.0,13418,8,5,2004,2005,132.0,0,0,1117,1117,1132,1320,0,2452,0,0,3,1,4,1,9,1,2004.0,3,691,113,32,0,0,0,0,0,9,2006,309000
1275,50,53.0,5362,5,6,1910,2003,0.0,0,0,661,661,661,589,0,1250,0,0,2,0,3,1,8,1,1985.0,2,552,242,0,81,0,0,0,0,11,2007,139000
910,60,149.0,12589,6,5,2005,2005,0.0,0,0,742,742,742,742,0,1484,0,0,2,1,3,1,8,1,2005.0,2,390,36,24,0,0,0,0,0,6,2009,174000
529,30,58.0,9098,4,7,1920,2002,0.0,348,0,180,528,605,0,0,605,1,0,1,0,2,1,5,0,,0,0,0,0,144,0,0,0,0,7,2007,86000
454,60,75.0,9000,8,5,2008,2008,0.0,0,0,768,768,786,804,0,1590,0,0,2,1,3,1,6,0,2008.0,2,676,0,30,0,0,0,0,0,6,2009,210000
735,20,,8978,5,5,1968,1968,0.0,0,0,948,948,948,0,0,948,0,0,1,0,3,1,6,0,1968.0,1,300,147,0,0,0,0,0,0,5,2007,108000
1027,20,73.0,9300,5,5,1960,1960,324.0,697,0,571,1268,1264,0,0,1264,1,0,1,0,3,1,6,2,1960.0,2,461,0,0,0,0,143,0,0,4,2010,167500
1270,50,78.0,11344,5,5,1958,1958,180.0,460,0,414,874,874,650,0,1524,0,0,1,1,3,1,7,0,1958.0,1,315,0,0,0,0,0,0,0,7,2007,144000
450,50,50.0,6000,3,7,1948,2002,0.0,331,0,318,649,679,504,0,1183,0,0,1,1,2,1,6,0,1981.0,1,308,0,176,0,0,0,0,0,6,2007,120000
1228,20,72.0,8872,5,8,1965,2008,300.0,595,0,317,912,912,0,0,912,1,0,1,0,2,1,5,0,1992.0,2,576,0,240,0,0,0,0,0,12,2008,147000
1157,80,85.0,9350,5,8,1965,1999,0.0,633,0,586,1219,1265,0,0,1265,0,1,2,0,3,1,6,1,1965.0,2,502,0,92,0,96,0,0,0,10,2008,179900
942,60,,8755,7,5,1999,1999,298.0,772,0,220,992,1022,1038,0,2060,1,0,2,1,3,1,8,1,1999.0,2,390,0,0,0,168,0,0,0,6,2009,214000
195,20,60.0,7180,5,7,1972,1972,0.0,390,0,474,864,864,0,0,864,0,0,1,0,3,1,5,0,1989.0,1,352,0,0,0,0,0,0,0,5,2008,127000
8,60,,10382,7,6,1973,1973,240.0,859,32,216,1107,1107,983,0,2090,1,0,2,1,3,1,7,2,1973.0,2,484,235,204,228,0,0,0,350,11,2009,200000
1307,120,48.0,6955,7,5,2005,2006,94.0,0,0,1368,1368,1368,0,0,1368,0,0,2,0,2,1,6,1,2005.0,2,474,132,35,0,0,0,0,0,9,2006,202500
299,60,90.0,11700,6,6,1968,1968,365.0,384,175,143,702,1041,702,0,1743,0,1,1,2,3,1,7,1,1968.0,2,539,224,0,0,0,0,0,0,6,2007,175000
1012,90,75.0,9825,5,5,1965,1965,0.0,0,0,0,0,1664,0,0,1664,0,0,2,0,4,2,8,0,,0,0,0,0,0,0,0,0,0,5,2010,100000
532,70,60.0,6155,6,8,1920,1999,0.0,0,0,611,611,751,611,0,1362,0,0,2,0,3,1,6,0,1920.0,2,502,0,0,84,0,0,0,0,6,2008,128000
1178,50,,3950,6,8,1926,2004,0.0,468,0,350,818,818,406,0,1224,0,0,1,0,3,1,5,0,1926.0,1,210,0,0,116,0,0,0,0,12,2009,115000
676,160,24.0,2289,6,6,1978,1978,0.0,311,0,544,855,855,586,0,1441,0,0,2,1,3,1,7,1,1978.0,2,440,28,0,0,0,0,0,0,4,2009,148500
1011,50,115.0,21286,5,5,1948,1950,0.0,0,0,720,720,720,551,0,1271,0,0,2,0,4,1,7,1,1948.0,1,312,0,0,108,0,0,0,0,8,2008,135000
719,60,96.0,10542,7,5,1993,1994,651.0,1173,0,138,1311,1325,1093,0,2418,1,0,2,1,3,1,9,1,1993.0,3,983,250,154,216,0,0,0,0,8,2008,341000
637,30,51.0,6120,2,3,1936,1950,0.0,0,0,264,264,800,0,0,800,0,0,1,0,1,1,4,1,,0,0,0,0,0,0,0,0,0,1,2009,60000
380,60,60.0,8123,6,5,2000,2000,16.0,0,0,982,982,1007,793,0,1800,0,0,2,1,3,1,7,1,2000.0,2,463,100,63,0,0,0,0,0,6,2009,179000
208,20,,12493,4,5,1960,1960,0.0,419,306,375,1100,1100,0,0,1100,1,0,1,0,3,1,6,1,1960.0,1,312,355,0,0,0,0,0,0,4,2008,141000
698,20,57.0,6420,5,7,1952,1952,0.0,210,551,219,980,1148,0,0,1148,0,1,1,0,2,1,6,0,1952.0,1,308,0,0,0,0,0,0,0,9,2006,123500
370,20,,9830,5,7,1959,2006,0.0,72,258,733,1063,1287,0,0,1287,1,0,1,0,3,1,7,1,1997.0,2,576,364,17,0,0,182,0,0,3,2010,162000
31,70,50.0,8500,4,4,1920,1950,0.0,0,0,649,649,649,668,0,1317,0,0,1,0,3,1,6,0,1920.0,1,250,0,54,172,0,0,0,0,7,2008,40000
1240,20,64.0,9037,8,5,2006,2006,32.0,428,0,1048,1476,1484,0,0,1484,0,0,2,0,2,1,6,1,2006.0,2,472,120,33,0,0,0,0,0,12,2007,265900
745,120,41.0,5395,8,5,1993,1993,0.0,733,0,604,1337,1337,0,0,1337,1,0,2,0,2,1,5,1,1993.0,2,462,96,0,70,168,0,0,0,10,2008,180000
1177,20,37.0,6951,5,5,1984,1985,0.0,658,0,218,876,923,0,0,923,1,0,1,0,3,1,5,0,1984.0,1,264,362,0,0,0,0,0,0,10,2008,119500
384,45,60.0,9000,6,3,1928,1950,0.0,0,0,784,784,784,0,0,784,0,0,1,0,2,1,5,0,1950.0,2,360,0,0,91,0,0,0,0,10,2009,76000
573,60,83.0,13159,7,5,2009,2009,0.0,0,0,846,846,846,846,0,1692,0,0,2,1,3,1,6,0,2009.0,2,650,208,114,0,0,0,0,0,7,2009,224500
1021,20,60.0,7024,4,5,2005,2005,0.0,1024,0,108,1132,1132,0,0,1132,1,0,1,1,2,1,5,0,2005.0,2,451,252,64,0,0,0,0,0,6,2008,176000
947,80,70.0,8163,5,6,1959,1959,128.0,748,294,102,1144,1144,0,0,1144,1,0,1,0,3,1,6,1,1959.0,1,796,86,0,0,0,0,0,0,3,2006,143000
977,30,51.0,5900,4,7,1923,1958,0.0,0,0,440,440,869,0,0,869,0,0,1,0,2,1,4,0,,0,0,0,0,0,0,0,0,0,8,2006,85500
254,80,85.0,9350,6,7,1964,1991,108.0,270,580,452,1302,1302,0,0,1302,0,1,2,0,3,1,7,0,1964.0,1,309,333,0,0,0,0,0,0,10,2007,158000
793,60,92.0,9920,7,5,1996,1997,0.0,862,0,255,1117,1127,886,0,2013,1,0,2,1,3,1,8,1,1997.0,2,455,180,130,0,0,0,0,0,6,2007,269790
18,90,72.0,10791,4,5,1967,1967,0.0,0,0,0,0,1296,0,0,1296,0,0,2,0,2,2,6,0,1967.0,2,516,0,0,0,0,0,0,500,10,2006,90000
574,80,76.0,9967,7,5,2000,2000,0.0,0,0,384,384,774,656,0,1430,0,0,2,1,3,1,8,1,2000.0,2,400,100,0,0,0,0,0,0,12,2007,170000
1459,20,68.0,9717,5,6,1950,1996,0.0,49,1029,0,1078,1078,0,0,1078,1,0,1,0,2,1,5,0,1950.0,1,240,366,0,112,0,0,0,0,4,2010,142125
1098,120,,3696,8,5,1986,1986,0.0,0,0,1074,1074,1088,0,0,1088,0,0,1,1,2,1,5,0,1987.0,2,461,0,74,137,0,0,0,0,10,2007,170000
569,50,79.0,12327,8,8,1983,2009,0.0,1441,0,55,1496,1496,636,0,2132,1,0,1,1,1,1,5,1,1983.0,2,612,349,40,0,0,0,0,0,9,2009,316600
796,60,70.0,8400,6,6,1980,1981,130.0,0,0,650,650,888,676,0,1564,0,0,2,1,3,1,7,1,1980.0,2,476,0,50,0,0,204,0,0,4,2010,171000
1141,20,60.0,7350,5,7,1951,1951,0.0,852,0,100,952,952,0,0,952,1,0,1,0,2,1,4,0,1988.0,2,840,0,0,0,0,0,0,0,6,2008,139000
392,60,71.0,12209,6,5,2001,2002,0.0,690,0,114,804,804,1157,0,1961,1,0,2,1,3,1,7,1,2001.0,2,560,125,192,0,0,0,0,0,6,2009,215000
1418,60,,16545,8,5,1998,1998,731.0,781,0,503,1284,1310,1140,0,2450,1,0,2,1,3,1,7,1,1998.0,3,1069,0,126,0,0,0,0,0,5,2009,340000
239,20,93.0,12030,8,5,2007,2007,254.0,0,0,1694,1694,1694,0,0,1694,0,0,2,0,3,1,7,0,2007.0,3,818,168,228,0,0,0,0,0,12,2007,318000
396,20,68.0,9571,5,6,1956,1956,0.0,739,0,405,1144,1144,0,0,1144,1,0,1,0,3,1,6,0,1956.0,1,596,44,0,0,0,0,0,0,6,2010,129000
1398,70,51.0,6120,5,8,1920,2004,0.0,0,0,939,939,939,574,0,1513,0,0,1,1,4,1,8,0,1933.0,1,180,24,0,150,0,0,0,0,5,2007,137500
77,20,,8475,4,7,1956,1956,0.0,228,0,724,952,952,0,0,952,0,0,1,0,2,1,4,0,1956.0,1,283,0,0,0,0,0,0,0,4,2008,135750
550,60,75.0,9375,7,5,2003,2004,0.0,0,0,912,912,912,1182,0,2094,0,0,2,1,4,1,8,1,2003.0,2,615,182,182,0,0,0,0,0,11,2009,263000
411,20,68.0,9571,5,3,1958,1958,0.0,0,0,1276,1276,1276,0,0,1276,0,0,1,0,3,1,5,0,1958.0,1,350,0,0,0,0,0,0,0,6,2009,60000
488,20,70.0,12243,5,6,1971,1971,0.0,998,0,486,1484,1484,0,0,1484,0,0,2,0,3,1,7,1,1971.0,2,487,224,0,0,0,180,0,0,2,2007,175000
1091,90,60.0,8544,3,4,1950,1950,0.0,0,0,0,0,1040,0,0,1040,0,0,2,0,2,2,6,0,1987.0,2,400,0,0,0,0,0,0,0,6,2009,92900
825,20,81.0,11216,8,5,2006,2006,0.0,0,0,1489,1489,1489,0,0,1489,0,0,2,0,3,1,7,1,2006.0,2,776,0,140,0,0,0,0,0,6,2006,232600
748,70,65.0,11700,7,7,1880,2003,0.0,0,0,1240,1240,1320,1320,0,2640,0,0,1,1,4,1,8,1,1950.0,4,864,181,0,386,0,0,0,0,5,2009,265979
1104,20,79.0,8910,6,6,1959,1959,0.0,655,0,0,655,1194,0,0,1194,0,1,1,0,3,1,6,1,1954.0,2,539,0,0,192,0,0,0,0,7,2006,159500
967,50,130.0,9600,5,7,1940,1950,0.0,428,0,300,728,976,332,0,1308,1,0,1,1,2,1,7,2,1940.0,1,256,0,70,0,0,0,0,0,6,2009,160000
377,85,57.0,8846,5,5,1996,1996,0.0,298,0,572,870,914,0,0,914,0,0,1,0,2,1,5,0,1998.0,2,576,0,0,0,0,0,0,0,7,2006,148000
393,20,,8339,5,7,1959,1959,0.0,0,0,0,0,882,0,0,882,0,0,1,0,3,1,5,0,1959.0,1,294,0,0,0,0,0,0,1200,7,2007,106500
1105,160,24.0,2016,5,5,1970,1970,304.0,0,0,630,630,630,672,0,1302,0,0,2,1,3,1,6,0,1970.0,2,440,0,0,0,0,0,0,0,4,2007,106000
877,20,94.0,25286,4,5,1963,1963,0.0,633,0,431,1064,1040,0,0,1040,1,0,1,0,3,1,5,0,1963.0,2,648,0,0,0,0,0,0,0,1,2007,132250
200,20,76.0,9591,8,5,2004,2005,262.0,1088,0,625,1713,1713,0,0,1713,1,0,2,0,3,1,7,1,2004.0,3,856,0,26,0,0,170,0,0,1,2009,274900
1251,20,93.0,11160,7,5,1968,1968,0.0,1065,0,1045,2110,2110,0,0,2110,1,0,2,1,3,1,8,2,1968.0,2,522,0,0,0,0,0,0,0,4,2010,244000
33,20,85.0,11049,8,5,2007,2007,0.0,0,0,1234,1234,1234,0,0,1234,0,0,2,0,3,1,7,0,2007.0,2,484,0,30,0,0,0,0,0,1,2008,179900
540,20,,11423,8,5,2001,2002,479.0,1358,0,223,1581,1601,0,0,1601,1,0,2,0,3,1,6,1,2001.0,2,670,180,0,0,0,0,0,2000,5,2010,272000
846,85,,16647,5,5,1975,1981,0.0,1390,0,0,1390,1701,0,0,1701,1,0,2,0,3,1,6,2,1975.0,2,611,0,0,0,0,0,0,0,1,2007,171000
690,120,61.0,7577,6,5,2005,2006,256.0,20,0,1342,1362,1362,0,0,1362,0,0,2,0,2,1,6,1,2005.0,2,460,192,28,0,0,0,0,0,6,2007,194700
1143,60,77.0,9965,8,5,2006,2007,340.0,1150,0,316,1466,1466,1362,0,2828,1,0,3,0,4,1,11,1,2006.0,3,1052,125,144,0,0,0,0,0,4,2007,424870
240,50,52.0,8741,6,4,1945,1950,0.0,94,0,641,735,798,689,0,1487,0,0,1,1,3,1,7,1,1949.0,1,220,0,140,0,0,0,0,0,4,2010,113000
1061,120,41.0,4920,8,5,2001,2001,0.0,616,0,722,1338,1338,0,0,1338,1,0,2,0,2,1,6,0,2001.0,2,582,0,0,170,0,0,0,0,4,2010,213500
795,60,,10832,7,5,1994,1996,0.0,0,0,712,712,1086,809,0,1895,0,0,2,1,3,1,7,1,1994.0,2,409,143,46,0,0,0,0,500,10,2008,194500
476,20,80.0,8480,5,6,1963,1963,0.0,630,0,340,970,970,0,0,970,1,0,1,0,2,1,5,0,1996.0,2,624,0,24,0,0,192,0,0,7,2007,132500
1026,20,70.0,7700,5,5,1972,1972,0.0,138,468,276,882,882,0,0,882,1,0,1,0,3,1,5,0,1980.0,2,461,96,0,0,0,0,0,0,3,2007,112500
1060,50,,11275,6,7,1932,1950,480.0,297,557,0,854,1096,895,0,1991,0,0,1,1,3,1,7,1,1977.0,2,432,0,0,19,0,0,0,0,3,2007,220000
1249,75,60.0,9600,6,5,1917,1950,0.0,319,0,416,735,1134,924,0,2058,0,0,1,1,3,1,8,1,1950.0,2,396,0,0,259,0,0,0,0,4,2008,129500
326,45,50.0,5000,5,6,1941,1950,0.0,116,0,604,720,803,0,0,803,0,0,1,0,2,1,5,0,1941.0,2,360,0,0,244,0,0,0,0,12,2007,87000
1337,90,87.0,9246,5,5,1973,1973,564.0,0,0,1656,1656,1656,0,0,1656,0,0,2,0,4,2,8,0,1973.0,2,506,0,211,0,0,0,0,0,11,2008,135000
105,50,,7758,7,4,1931,1950,600.0,224,0,816,1040,1226,592,0,1818,0,0,1,1,4,1,7,2,1951.0,1,240,0,0,0,0,184,0,0,6,2007,169500
1426,20,80.0,10721,6,6,1959,1959,243.0,0,0,1252,1252,1252,0,0,1252,0,0,1,0,3,1,7,0,1960.0,2,528,0,39,0,0,0,0,0,10,2008,142000
543,20,78.0,10140,7,5,1998,1999,0.0,144,1127,379,1650,1680,0,0,1680,1,0,2,0,3,1,7,1,1998.0,2,583,78,73,0,0,0,0,0,6,2009,213250
334,120,59.0,8198,7,5,2004,2004,146.0,720,0,638,1358,1358,0,0,1358,1,0,2,0,2,1,6,1,2004.0,2,484,192,30,0,0,0,0,0,7,2008,207000
1210,20,85.0,10182,8,5,2006,2006,420.0,1220,0,440,1660,1660,0,0,1660,1,0,2,0,3,1,8,1,2006.0,2,500,322,50,0,0,0,0,0,5,2006,290000
313,190,65.0,7800,5,7,1939,1950,0.0,507,0,286,793,793,325,0,1118,1,0,1,0,3,1,5,1,1939.0,2,410,0,0,0,0,271,0,0,5,2006,119900
1187,190,107.0,10615,3,5,1900,1970,0.0,440,0,538,978,1014,685,0,1699,1,0,2,0,3,2,7,0,1920.0,2,420,0,74,0,0,0,0,0,8,2009,95000
1080,20,65.0,8775,5,5,1994,1994,0.0,495,0,495,990,990,0,0,990,0,0,1,0,3,1,5,0,1996.0,1,299,0,64,0,0,0,0,0,4,2007,126000
1219,50,52.0,6240,4,5,1947,1950,0.0,0,0,0,0,672,240,0,912,0,0,1,0,2,1,3,0,,0,0,0,0,0,0,0,0,0,7,2006,80500
61,20,63.0,13072,6,5,2004,2004,0.0,941,0,217,1158,1158,0,0,1158,1,0,1,1,3,1,5,0,2006.0,2,576,0,50,0,0,0,0,0,5,2006,158000
144,20,78.0,10335,7,5,1999,1999,183.0,679,0,811,1490,1501,0,0,1501,1,0,2,0,3,1,6,0,1999.0,2,577,144,29,0,0,0,0,0,6,2009,204000
958,20,70.0,7420,5,5,1962,1962,0.0,417,0,640,1057,1057,0,0,1057,0,0,1,0,3,1,6,0,1977.0,2,576,0,0,0,0,0,0,0,4,2007,132000
1227,60,86.0,14598,6,5,2007,2007,74.0,0,0,894,894,894,1039,0,1933,0,0,2,1,4,1,9,1,2007.0,3,668,100,18,0,0,0,0,0,1,2008,214000
1357,20,,9477,5,5,1966,1966,65.0,340,0,524,864,892,0,0,892,0,0,1,0,3,1,5,0,1966.0,1,264,0,0,0,0,0,0,0,10,2008,110000
1325,20,75.0,9986,8,5,2006,2007,428.0,0,0,1795,1795,1795,0,0,1795,0,0,2,0,2,1,7,1,2007.0,3,895,0,49,0,0,0,0,0,2,2007,147000
1100,20,82.0,11880,7,5,1978,1978,206.0,704,0,567,1271,1601,0,0,1601,0,0,2,0,3,1,7,1,1978.0,2,478,0,0,0,0,0,0,0,4,2009,157000
1002,30,60.0,5400,5,6,1920,1950,0.0,0,0,691,691,691,0,0,691,0,0,1,0,2,1,4,0,1920.0,1,216,0,20,94,0,0,0,0,1,2007,86000
1035,30,50.0,6305,5,7,1938,1950,0.0,0,0,920,920,954,0,0,954,0,0,1,0,2,1,5,1,1938.0,1,240,0,0,0,0,0,0,0,6,2007,119750
1055,60,90.0,11367,8,5,2002,2002,210.0,932,0,133,1065,1091,898,0,1989,1,0,2,1,3,1,7,1,2002.0,2,586,199,60,0,0,0,0,0,11,2006,255000
770,60,47.0,53504,8,5,2003,2003,603.0,1416,0,234,1650,1690,1589,0,3279,1,0,3,1,4,1,12,1,2003.0,3,841,503,36,0,0,210,0,0,6,2010,538000
884,75,60.0,6204,4,5,1912,1950,0.0,0,0,795,795,954,795,481,2230,1,0,1,0,5,1,10,0,1997.0,1,440,0,188,0,0,0,0,0,3,2006,118500
69,30,47.0,4608,4,6,1945,1950,0.0,0,0,747,747,747,0,0,747,0,0,1,0,2,1,4,0,1945.0,1,220,0,0,0,0,0,0,0,6,2010,80000
146,160,24.0,2522,6,5,2004,2006,50.0,0,0,970,970,970,739,0,1709,0,0,2,0,3,1,7,0,2004.0,2,380,0,40,0,0,0,0,0,4,2006,130000
972,160,36.0,2268,7,5,2003,2004,106.0,567,0,197,764,764,862,0,1626,0,0,2,0,2,1,6,0,2003.0,2,474,0,27,0,0,0,0,0,7,2009,173000
983,20,43.0,3182,7,5,2007,2007,16.0,0,0,1266,1266,1266,0,0,1266,0,0,2,0,2,1,6,1,2007.0,2,388,100,16,0,0,0,0,0,3,2008,159895
1089,160,24.0,2522,7,5,2004,2004,50.0,0,0,970,970,970,739,0,1709,0,0,2,0,3,1,7,0,2004.0,2,380,0,40,0,0,0,0,0,4,2006,137500
145,90,70.0,9100,5,5,1963,1963,336.0,1332,0,396,1728,1728,0,0,1728,1,0,2,0,6,2,10,0,1963.0,2,504,0,0,0,0,0,0,0,11,2006,125000
1022,20,64.0,7406,7,5,2006,2006,84.0,684,0,515,1199,1220,0,0,1220,1,0,2,0,2,1,6,0,2006.0,2,632,105,54,0,0,0,0,0,7,2006,194000
473,180,35.0,3675,6,5,2005,2005,80.0,459,0,88,547,1072,0,0,1072,1,0,1,0,2,1,5,0,2005.0,2,525,0,28,0,0,0,0,0,6,2008,148000
385,60,,53107,6,5,1992,1992,0.0,985,0,595,1580,1079,874,0,1953,1,0,2,1,3,1,9,2,1992.0,2,501,216,231,0,0,0,0,0,6,2007,240000
1151,20,57.0,8280,6,5,1950,1950,0.0,0,0,932,932,932,0,0,932,0,0,1,0,2,1,4,1,1950.0,1,306,0,0,214,0,0,0,0,11,2007,124000
680,20,,9945,5,5,1961,1961,57.0,827,0,161,988,988,0,0,988,1,0,1,0,3,1,5,0,1963.0,2,572,0,0,0,0,0,0,0,10,2007,128500
1213,30,50.0,9340,4,6,1941,1950,0.0,344,0,328,672,672,0,0,672,1,0,1,0,2,1,4,0,1941.0,1,234,0,113,0,0,0,0,0,8,2009,113000
1303,60,92.0,10120,8,5,1994,1994,391.0,740,0,425,1165,1203,1323,0,2526,1,0,2,1,4,1,8,1,1994.0,3,844,309,78,0,0,0,0,0,12,2006,290000
1197,60,58.0,14054,7,5,2006,2006,0.0,0,0,879,879,879,984,0,1863,0,0,2,1,4,1,9,1,2006.0,3,660,100,17,0,0,0,0,0,11,2006,219210
1176,50,85.0,10678,8,5,1992,2000,337.0,700,0,983,1683,2129,743,0,2872,0,0,2,1,4,1,9,1,1992.0,2,541,0,33,0,0,0,0,0,4,2007,285000
351,120,68.0,7820,9,5,2007,2007,362.0,0,0,1869,1869,1869,0,0,1869,0,0,2,0,2,1,6,1,2007.0,2,617,210,54,0,0,0,0,0,12,2007,318061
66,60,76.0,9591,8,5,2004,2005,344.0,0,0,1143,1143,1143,1330,0,2473,0,0,2,1,4,1,9,1,2004.0,3,852,192,151,0,0,0,0,0,10,2007,317000
801,60,79.0,12798,6,5,1997,1997,0.0,462,0,154,616,616,1072,0,1688,1,0,2,1,4,1,8,0,1997.0,2,603,403,114,185,0,0,0,400,5,2008,200000
648,20,85.0,10452,6,5,1953,1953,216.0,500,0,594,1094,1094,0,0,1094,0,0,1,0,3,1,5,2,1953.0,2,495,0,0,0,0,287,0,0,6,2008,155000
504,20,100.0,15602,7,8,1959,1997,0.0,1247,0,254,1501,1801,0,0,1801,1,0,2,0,1,1,6,2,1959.0,2,484,0,54,0,0,161,0,0,3,2010,289000
1306,20,108.0,13173,9,5,2006,2007,300.0,1572,0,80,1652,1652,0,0,1652,1,0,2,0,2,1,6,2,2006.0,2,840,404,102,0,0,0,0,0,11,2009,325000
409,60,109.0,14154,7,5,2006,2006,350.0,0,0,1063,1063,1071,1101,0,2172,0,0,2,1,3,1,9,1,2006.0,3,947,192,62,0,0,0,0,0,8,2007,280000
119,60,90.0,12376,7,5,1990,1990,0.0,1470,0,203,1673,1699,1523,0,3222,1,0,3,0,5,1,11,2,1990.0,3,594,367,0,0,0,0,0,0,5,2010,320000
713,120,40.0,4671,8,5,1988,1989,0.0,767,0,461,1228,1228,0,0,1228,1,0,2,0,2,1,5,1,1988.0,2,472,168,120,0,0,0,0,0,10,2008,189000
587,30,55.0,10267,6,7,1918,2000,0.0,210,606,0,816,838,0,0,838,1,0,1,0,2,1,5,0,1961.0,1,275,0,0,112,0,0,0,0,5,2008,130000
911,90,80.0,11600,5,5,1960,1960,361.0,443,0,662,1105,1105,1169,0,2274,0,0,2,0,5,2,12,0,1960.0,2,480,0,0,0,0,0,0,0,1,2010,154300
489,190,60.0,10800,5,4,1900,1970,0.0,664,0,290,954,1766,648,0,2414,0,0,2,0,3,2,10,1,1970.0,2,520,142,0,0,0,0,0,0,5,2006,160000
2,20,80.0,9600,6,8,1976,1976,0.0,978,0,284,1262,1262,0,0,1262,0,1,2,0,3,1,6,1,1976.0,2,460,298,0,0,0,0,0,0,5,2007,181500
559,60,57.0,21872,7,5,1996,1997,0.0,604,0,125,729,729,717,0,1446,0,1,2,1,3,1,6,1,1996.0,2,406,264,22,0,0,0,0,0,8,2008,175000
417,60,74.0,7844,6,7,1978,1978,203.0,209,0,463,672,672,728,0,1400,0,0,1,1,3,1,6,1,1978.0,2,440,0,0,0,0,0,0,0,3,2006,149500
1146,50,52.0,6240,5,6,1928,1950,0.0,0,0,1042,1042,1042,534,0,1576,0,0,1,0,3,1,8,1,1928.0,1,225,0,0,0,0,0,0,0,8,2006,149000
395,50,60.0,10134,5,6,1940,1950,0.0,0,0,735,735,735,299,0,1034,0,0,1,0,2,1,5,0,1940.0,1,240,0,39,0,0,0,0,0,7,2007,109000
878,60,74.0,8834,9,5,2004,2005,216.0,1170,0,292,1462,1462,762,0,2224,1,0,2,1,4,1,10,1,2004.0,3,738,184,0,0,0,0,0,0,6,2009,350000
1095,20,74.0,5868,5,7,1956,2000,0.0,248,240,448,936,936,0,0,936,1,0,1,0,2,1,4,0,1956.0,1,308,0,0,80,0,160,0,0,5,2010,129000
408,70,63.0,15576,6,7,1915,1976,0.0,0,0,840,840,840,840,0,1680,0,0,2,0,4,1,8,0,1960.0,1,308,0,0,160,0,0,0,0,3,2008,177000
23,20,75.0,9742,8,5,2002,2002,281.0,0,0,1777,1777,1795,0,0,1795,0,0,2,0,3,1,7,1,2002.0,2,534,171,159,0,0,0,0,0,9,2008,230000
7,20,75.0,10084,8,5,2004,2005,186.0,1369,0,317,1686,1694,0,0,1694,1,0,2,0,3,1,7,1,2004.0,2,636,255,57,0,0,0,0,0,8,2007,307000
630,80,82.0,9020,6,5,1964,1964,259.0,624,336,288,1248,1350,0,0,1350,1,0,1,1,3,1,6,0,1964.0,2,520,176,0,0,0,0,0,0,6,2008,168500
484,120,32.0,4500,6,5,1998,1998,116.0,897,0,319,1216,1216,0,0,1216,1,0,2,0,2,1,5,0,1998.0,2,402,0,125,0,0,0,0,0,5,2006,164000
151,20,120.0,10356,5,6,1975,1975,0.0,716,0,253,969,969,0,0,969,0,0,1,1,3,1,5,0,1975.0,2,440,0,0,0,0,0,0,0,1,2007,122000
1110,20,107.0,11362,8,5,2004,2005,42.0,1039,0,797,1836,1836,0,0,1836,1,0,2,0,3,1,7,1,2004.0,3,862,125,185,0,0,0,0,0,3,2009,280000
767,60,80.0,10421,7,5,1988,1988,42.0,394,0,586,980,980,734,0,1714,0,0,2,1,3,1,7,1,1988.0,2,496,228,66,156,0,0,0,500,3,2010,196500
174,20,80.0,10197,6,5,1961,1961,491.0,288,374,700,1362,1362,0,0,1362,1,0,1,1,3,1,6,1,1961.0,2,504,0,20,0,0,0,0,0,6,2008,163000
163,20,95.0,12182,7,5,2005,2005,226.0,1201,0,340,1541,1541,0,0,1541,0,0,2,0,3,1,7,1,2005.0,2,532,0,70,0,0,0,0,0,5,2010,220000
400,60,65.0,8125,7,5,2006,2007,100.0,812,0,280,1092,1112,438,0,1550,1,0,2,0,2,1,7,0,2007.0,2,438,0,168,0,0,0,0,0,10,2009,241000
891,50,60.0,8064,5,7,1949,2006,0.0,0,0,672,672,672,252,0,924,0,0,1,0,3,1,6,1,2003.0,2,576,0,0,0,0,0,0,2000,7,2007,122900
375,60,65.0,8200,7,5,2003,2004,0.0,0,0,847,847,847,1081,0,1928,0,0,2,1,4,1,8,1,2003.0,2,434,100,48,0,0,0,0,0,7,2007,219500
618,45,59.0,7227,6,6,1954,1954,0.0,0,0,832,832,832,0,0,832,0,0,1,0,2,1,4,0,1962.0,2,528,0,0,0,0,0,0,0,6,2008,105500
816,20,48.0,12137,7,5,1998,1998,442.0,0,0,1649,1649,1661,0,0,1661,0,0,2,0,3,1,6,0,1998.0,2,598,0,34,0,0,0,0,0,5,2010,224900
1118,20,57.0,9764,5,7,1967,2003,0.0,702,0,192,894,894,0,0,894,1,0,1,0,3,1,5,0,1967.0,2,450,0,0,0,0,0,0,0,5,2008,130000
1342,20,66.0,13695,6,5,2003,2004,0.0,814,0,300,1114,1114,0,0,1114,1,0,1,0,3,1,6,0,2004.0,2,576,0,78,0,0,0,0,0,7,2008,155000
1088,60,85.0,10574,8,5,2005,2006,0.0,0,0,1082,1082,1082,871,0,1953,0,0,2,1,3,1,9,1,2005.0,3,1043,160,50,0,0,0,0,0,5,2009,252000
588,85,74.0,8740,5,6,1982,1982,0.0,672,0,168,840,860,0,0,860,1,0,1,0,2,1,4,0,1996.0,2,528,0,0,0,0,0,0,0,7,2009,137000
1134,60,80.0,9828,8,5,1995,1995,0.0,584,0,544,1128,1142,878,0,2020,0,0,2,1,3,1,8,1,1995.0,2,466,0,155,0,0,0,0,0,6,2009,239500
48,20,84.0,11096,8,5,2006,2006,0.0,24,0,1632,1656,1656,0,0,1656,0,0,2,0,3,1,7,0,2006.0,3,826,0,146,0,0,0,0,0,7,2007,249700
60,20,60.0,7200,5,7,1972,1972,0.0,632,0,148,780,780,0,0,780,0,0,1,0,2,1,4,0,1973.0,1,352,196,0,0,0,0,0,0,1,2008,124900
901,20,,7340,4,6,1971,1971,0.0,322,0,536,858,858,0,0,858,0,0,1,0,2,1,4,0,1979.0,1,684,0,0,0,0,0,0,0,6,2007,110000
779,90,60.0,8400,5,5,1977,1977,320.0,0,0,0,0,2020,0,0,2020,0,0,2,0,4,2,10,2,1977.0,2,630,0,0,0,0,0,0,0,10,2007,144000
583,90,81.0,11841,6,5,1990,1990,104.0,816,0,0,816,816,0,0,816,1,0,1,0,3,1,5,0,,0,0,0,32,0,0,0,0,0,5,2007,118500
1111,60,,8000,6,5,1995,1996,0.0,219,0,554,773,773,885,0,1658,1,0,2,1,3,1,8,1,1995.0,2,431,224,84,0,0,0,0,0,6,2008,188000
863,20,81.0,9672,6,5,1984,1985,0.0,338,0,702,1040,1097,0,0,1097,0,0,2,0,3,1,6,0,1986.0,2,480,0,0,0,0,0,0,0,5,2010,152000
209,60,,14364,7,5,1988,1989,128.0,1065,0,92,1157,1180,882,0,2062,1,0,2,1,3,1,7,1,1988.0,2,454,60,55,0,0,154,0,0,4,2007,277000
865,20,72.0,8640,7,5,2007,2008,0.0,0,0,1372,1372,1372,0,0,1372,0,0,2,0,3,1,6,0,2008.0,2,529,0,140,0,0,0,0,0,5,2008,250580
13,20,,12968,5,6,1962,1962,0.0,737,0,175,912,912,0,0,912,1,0,1,0,2,1,4,0,1962.0,1,352,140,0,0,0,176,0,0,9,2008,144000
734,20,80.0,10000,5,6,1961,1983,0.0,594,0,270,864,1144,0,0,1144,1,0,1,0,3,1,6,1,1961.0,1,264,165,0,0,0,0,0,400,3,2009,131400
842,70,60.0,10440,5,8,1904,2002,0.0,0,0,650,650,958,581,0,1539,0,0,2,0,3,1,8,1,1983.0,2,686,70,78,68,0,0,0,0,6,2008,157500
501,160,21.0,1890,6,5,1973,1973,285.0,356,0,316,672,672,546,0,1218,0,0,1,1,3,1,7,0,1973.0,1,264,144,28,0,0,0,0,0,5,2007,113000
83,20,78.0,10206,8,5,2007,2007,468.0,33,0,1530,1563,1563,0,0,1563,0,0,2,0,3,1,6,1,2007.0,3,758,144,99,0,0,0,0,0,10,2008,245000
1372,80,80.0,9600,6,6,1955,1996,0.0,831,0,161,992,1661,0,0,1661,1,0,1,0,3,1,8,1,1955.0,1,377,0,28,0,0,178,0,0,10,2008,165500
477,20,75.0,13125,6,5,1997,1998,215.0,994,0,484,1478,1493,0,0,1493,1,0,2,0,3,1,7,1,1997.0,2,508,140,39,0,0,0,0,0,4,2008,208900
293,50,60.0,11409,5,4,1949,2008,0.0,292,0,476,768,1148,568,0,1716,0,0,1,1,3,1,8,1,1949.0,1,281,0,0,0,0,160,0,0,1,2009,131000
365,60,,18800,6,5,1976,1976,120.0,712,0,84,796,790,784,0,1574,1,0,2,1,3,1,6,1,1976.0,2,566,306,111,0,0,0,0,0,7,2006,190000
565,60,,13346,7,5,1992,2000,0.0,728,0,367,1095,1166,1129,0,2295,1,0,2,1,4,1,9,1,1992.0,2,590,0,40,0,0,0,0,0,7,2006,268000
511,20,75.0,14559,5,7,1951,2000,70.0,650,180,178,1008,1363,0,0,1363,1,0,1,0,2,1,6,2,1951.0,1,288,324,42,0,0,168,0,2000,6,2009,164900
1454,20,90.0,17217,5,5,2006,2006,0.0,0,0,1140,1140,1140,0,0,1140,0,0,1,0,3,1,6,0,,0,0,36,56,0,0,0,0,0,7,2006,84500
178,50,,13650,5,5,1958,1958,0.0,57,441,554,1052,1252,668,0,1920,1,0,2,0,4,1,8,1,1958.0,2,451,0,0,0,0,0,0,0,7,2006,172500
51,60,,13869,6,6,1997,1997,0.0,182,0,612,794,794,676,0,1470,0,1,2,0,3,1,6,0,1997.0,2,388,0,75,0,0,0,0,0,7,2007,177000
1130,90,60.0,7200,5,5,1980,1980,180.0,936,0,0,936,936,0,0,936,1,0,1,0,2,1,4,0,1980.0,2,672,49,0,0,0,0,0,0,8,2007,140000
1014,30,60.0,7200,5,4,1910,2006,0.0,247,465,310,1022,1022,0,0,1022,1,0,1,0,2,1,4,0,1956.0,1,280,0,30,226,0,0,0,0,6,2009,85000
136,20,80.0,10400,7,6,1970,1970,288.0,0,0,1304,1304,1682,0,0,1682,0,0,2,0,3,1,7,1,1970.0,2,530,98,0,0,0,0,0,0,5,2008,174000
786,20,,9790,6,5,1967,1967,0.0,251,630,491,1372,1342,0,0,1342,0,0,2,0,3,1,7,1,1967.0,2,457,0,0,0,0,197,0,0,9,2009,161500
223,60,85.0,11475,6,6,1975,1975,0.0,550,0,163,713,811,741,0,1552,1,0,2,1,3,1,6,1,1975.0,2,434,209,208,0,0,0,0,0,2,2006,179900
1230,80,70.0,7910,5,5,1960,1960,0.0,666,0,409,1075,1507,0,0,1507,0,0,2,0,4,1,7,0,1960.0,1,404,0,0,0,0,0,0,0,8,2008,127000
387,50,58.0,8410,5,3,1910,1996,0.0,0,0,658,658,658,526,0,1184,0,0,1,0,5,1,8,0,,0,0,0,151,0,0,0,0,0,5,2006,81000
1138,50,54.0,6342,5,8,1875,1996,0.0,0,0,780,780,780,240,0,1020,0,0,1,0,2,1,6,0,,0,0,0,0,176,0,0,0,0,5,2010,94000
1158,120,34.0,5001,7,5,2007,2008,166.0,904,0,410,1314,1314,0,0,1314,1,0,2,0,2,1,6,1,2008.0,2,626,172,62,0,0,0,0,0,7,2009,230000
571,90,74.0,13101,5,5,1965,1965,108.0,231,0,1497,1728,1728,0,0,1728,0,0,2,0,6,2,10,0,1987.0,2,576,0,0,0,0,0,0,0,11,2008,142600
147,30,51.0,6120,5,7,1931,1993,0.0,209,0,506,715,875,0,0,875,1,0,1,0,2,1,5,0,1931.0,1,180,48,0,0,0,0,0,0,11,2009,105000
399,30,60.0,8967,5,2,1920,1950,0.0,0,0,961,961,1077,0,0,1077,0,0,1,0,2,1,6,0,1920.0,1,338,0,0,0,0,0,0,0,11,2007,67000
221,20,73.0,8990,7,5,2006,2006,0.0,0,0,1498,1498,1498,0,0,1498,0,0,2,0,2,1,5,0,2006.0,2,675,351,33,0,0,0,0,0,4,2006,204900
103,90,64.0,7018,5,5,1979,1979,0.0,0,0,0,0,1535,0,0,1535,0,0,2,0,4,2,8,0,1979.0,2,410,0,0,0,0,0,0,0,6,2009,118964
1302,70,,7500,6,7,1942,1950,0.0,547,0,224,771,753,741,0,1494,0,0,1,0,3,1,7,2,1942.0,1,213,0,0,0,0,224,0,0,11,2009,177500
1400,50,51.0,6171,6,6,1925,1990,0.0,264,0,712,976,1160,448,0,1608,0,0,2,1,3,1,7,1,1925.0,1,216,147,16,0,0,0,0,0,10,2009,137450
1045,20,80.0,9600,8,5,1981,1981,0.0,1104,0,1420,2524,2524,0,0,2524,1,0,2,1,4,1,9,1,1981.0,2,542,474,120,0,0,0,0,0,7,2009,278000
609,70,78.0,12168,8,6,1934,1998,0.0,428,0,537,965,1940,1254,0,3194,0,0,2,1,4,1,10,2,1934.0,2,380,0,0,0,0,0,0,0,9,2007,359100
957,160,24.0,1300,6,6,1980,1980,0.0,285,0,276,561,561,668,0,1229,0,0,1,1,2,1,5,1,1980.0,2,462,150,0,0,0,0,0,0,5,2009,124000
434,60,100.0,10839,6,5,1997,1998,0.0,0,0,926,926,926,678,0,1604,0,0,2,1,3,1,7,1,1997.0,2,470,0,36,0,0,0,0,0,7,2008,181000
470,60,76.0,9291,6,5,1993,1993,120.0,426,0,406,832,832,878,0,1710,0,0,2,1,3,1,7,0,1993.0,2,506,144,70,0,0,0,0,0,6,2008,187000
338,20,70.0,9135,7,5,2002,2003,113.0,810,0,726,1536,1536,0,0,1536,1,0,2,0,3,1,7,0,2002.0,2,532,192,74,0,0,0,0,0,12,2008,214000
1347,20,,20781,7,7,1968,2003,0.0,297,68,1203,1568,2156,0,0,2156,0,0,2,0,3,1,9,1,1968.0,2,508,0,80,0,290,0,0,0,6,2006,262500
1008,160,21.0,2217,4,4,1970,1970,0.0,273,273,0,546,546,546,0,1092,0,0,1,1,3,1,6,0,1970.0,1,286,238,0,0,0,0,0,0,8,2009,88000
888,50,59.0,16466,5,7,1955,1955,0.0,0,0,816,816,872,521,0,1393,0,0,1,1,3,1,8,0,1955.0,1,300,121,0,0,0,265,0,0,4,2008,135500
204,120,,4438,6,5,2004,2004,205.0,662,0,186,848,848,0,0,848,1,0,1,0,1,1,3,1,2004.0,2,420,149,0,0,0,0,0,0,1,2008,149000
1039,160,21.0,1533,4,6,1970,2008,0.0,0,0,546,546,798,546,0,1344,0,0,1,1,3,1,6,1,,0,0,0,0,0,0,0,0,0,5,2009,97000
257,60,64.0,8791,6,5,2003,2003,0.0,503,0,361,864,864,864,0,1728,0,0,2,1,3,1,7,0,2003.0,2,673,216,56,0,0,0,0,0,5,2008,207500
68,20,72.0,10665,7,5,2003,2003,167.0,1013,0,440,1453,1479,0,0,1479,1,0,2,0,3,1,7,0,2003.0,2,558,144,29,0,0,0,0,0,6,2007,226000
1373,60,75.0,9750,7,6,1998,1998,0.0,975,0,133,1108,1108,989,0,2097,1,0,2,1,3,1,8,1,1998.0,2,583,253,170,0,0,0,0,0,6,2006,274300
843,80,82.0,9020,6,7,1966,1966,183.0,312,539,276,1127,1165,0,0,1165,1,0,1,1,3,1,6,0,1966.0,2,490,0,129,0,0,0,0,0,5,2008,174900
1367,60,68.0,9179,7,5,1999,1999,158.0,633,0,240,873,882,908,0,1790,1,0,2,1,3,1,7,0,1999.0,2,588,0,88,0,0,0,0,0,6,2008,193000
943,90,42.0,7711,4,3,1977,1977,0.0,1440,0,0,1440,1440,0,0,1440,2,0,2,0,4,2,8,0,,0,0,321,0,0,0,0,0,0,8,2007,150000
1121,30,59.0,8263,6,5,1920,1950,0.0,0,0,1012,1012,1012,0,0,1012,0,0,1,0,2,1,6,1,1920.0,1,308,0,22,112,0,0,0,0,5,2007,118400
860,60,,11029,6,7,1968,1984,220.0,619,0,435,1054,1512,1142,0,2654,1,0,2,1,4,1,9,1,1968.0,2,619,0,65,0,0,222,0,0,8,2006,250000
394,30,,7446,4,5,1941,1950,0.0,266,0,522,788,788,0,0,788,0,0,1,0,2,1,4,2,,0,0,0,0,0,0,0,0,0,4,2006,100000
1216,20,99.0,7094,5,5,1966,1966,0.0,180,374,340,894,894,0,0,894,0,0,1,0,3,1,5,0,1966.0,1,384,0,0,0,0,0,0,0,5,2007,125000
1038,60,,9240,8,5,2001,2002,396.0,0,0,1055,1055,1055,1208,0,2263,0,0,2,1,3,1,7,1,2001.0,2,905,0,45,0,0,189,0,0,9,2008,287000
285,120,50.0,8012,6,5,1992,1992,0.0,430,0,1145,1575,1575,0,0,1575,1,0,2,0,2,1,5,0,1992.0,2,529,0,0,52,0,0,0,0,7,2007,179200
557,20,69.0,14850,5,5,1957,1957,0.0,895,0,197,1092,1092,0,0,1092,1,0,1,0,2,1,6,1,1957.0,1,299,268,0,0,0,122,0,0,5,2006,141000
406,20,,9991,4,4,1976,1993,0.0,1116,0,165,1281,1620,0,0,1620,1,0,2,0,3,1,8,1,1993.0,2,490,120,78,0,0,0,0,0,6,2009,150000
1336,20,80.0,9650,6,5,1977,1977,360.0,686,0,664,1350,1334,0,0,1334,0,1,2,0,2,1,6,1,1977.0,2,630,0,16,0,0,0,0,0,4,2009,167900
1152,20,134.0,17755,5,4,1959,1959,132.0,176,0,1290,1466,1466,0,0,1466,0,0,1,1,3,1,6,2,1959.0,2,528,0,140,0,0,100,0,0,11,2006,149900
577,50,52.0,6292,7,7,1928,1950,0.0,0,0,861,861,877,600,0,1477,0,1,2,0,3,1,6,1,1928.0,1,216,0,50,0,0,0,0,0,8,2009,145000
210,20,75.0,8250,6,7,1964,1964,260.0,787,0,305,1092,1092,0,0,1092,1,0,1,0,3,1,6,0,1964.0,2,504,0,0,0,0,0,0,0,7,2008,145000
138,90,82.0,11070,7,5,1988,1989,70.0,0,0,1907,1907,1959,0,0,1959,0,0,3,0,5,2,9,0,1989.0,3,766,0,0,0,0,0,0,0,7,2006,171000
706,190,70.0,5600,4,5,1930,1950,0.0,0,0,0,0,372,720,0,1092,0,0,2,0,3,2,7,0,,0,0,0,0,0,0,0,0,3500,7,2010,55000
535,60,74.0,9056,8,5,2004,2004,0.0,0,0,707,707,707,707,0,1414,0,0,2,1,3,1,6,1,2004.0,2,403,100,35,0,0,0,0,0,10,2006,178000
765,120,30.0,9549,8,5,1995,1996,0.0,437,1057,0,1494,1494,0,0,1494,1,0,1,1,2,1,6,1,1995.0,2,481,0,30,0,0,216,0,0,4,2006,270000
1319,20,,14781,8,5,2001,2002,178.0,0,0,1753,1753,1787,0,0,1787,0,0,2,0,3,1,7,1,2001.0,3,748,198,150,0,0,0,0,0,8,2006,275000
757,60,68.0,10769,8,5,2007,2007,0.0,20,0,846,866,866,902,0,1768,0,0,2,1,3,1,7,0,2007.0,2,578,144,105,0,0,0,0,0,4,2009,212000
769,20,70.0,9100,7,5,2004,2005,0.0,24,0,1836,1860,1836,0,0,1836,0,0,2,0,3,1,8,1,2004.0,2,484,120,33,0,0,0,0,0,10,2006,216837
771,85,,7252,5,5,1982,1982,0.0,685,0,173,858,858,0,0,858,1,0,1,0,2,1,5,0,1983.0,2,576,120,0,0,0,0,0,0,4,2009,134900
513,20,70.0,9100,5,5,1958,1958,0.0,521,174,169,864,864,0,0,864,1,0,1,0,3,1,5,0,1964.0,2,624,0,0,0,0,0,0,0,7,2006,129900
1044,60,86.0,11839,7,5,1990,1990,99.0,1085,0,390,1475,1532,797,0,2329,1,0,2,1,4,1,10,1,1990.0,2,514,192,121,0,0,0,0,0,5,2008,262280
276,50,55.0,7264,7,7,1925,2007,0.0,0,0,952,952,952,596,0,1548,0,0,2,1,3,1,5,0,1978.0,2,672,74,0,0,0,144,0,0,10,2009,205000
140,60,65.0,15426,6,5,1997,1997,0.0,821,0,107,928,928,836,0,1764,1,0,2,1,3,1,7,0,1997.0,2,470,276,99,0,0,0,0,0,8,2009,231500
1168,60,58.0,10852,6,5,2000,2000,0.0,786,0,173,959,959,712,0,1671,1,0,2,1,3,1,7,1,2000.0,2,472,0,38,0,0,0,0,0,2,2006,173000
920,20,87.0,11029,6,8,1958,2002,0.0,528,411,245,1184,1414,0,0,1414,1,0,1,0,3,1,6,1,1990.0,2,601,0,51,0,0,190,0,0,5,2008,176500
872,60,70.0,8750,6,5,1998,1998,116.0,505,0,299,804,804,878,0,1682,0,0,2,1,3,1,7,0,1998.0,2,523,0,77,0,0,0,0,0,6,2010,200500
220,120,43.0,3010,7,5,2005,2006,16.0,16,0,1232,1248,1248,0,0,1248,0,0,2,0,2,1,5,0,2005.0,2,438,108,0,0,0,0,0,0,3,2006,167240
129,60,69.0,7590,6,5,1966,1966,266.0,512,0,148,660,660,688,0,1348,0,0,1,1,3,1,6,1,1966.0,2,453,188,108,0,0,0,0,0,7,2006,155000
261,80,120.0,19296,6,5,1962,1962,399.0,672,690,0,1362,1382,0,0,1382,1,0,1,0,3,1,6,1,1991.0,2,884,0,0,252,0,0,0,0,5,2009,176000
778,20,100.0,13350,5,5,1974,1974,0.0,762,0,102,864,894,0,0,894,1,0,1,0,3,1,5,1,1974.0,2,440,241,0,0,0,0,0,0,6,2006,142500
729,90,85.0,11475,5,5,1958,1958,95.0,0,0,1584,1584,1776,0,0,1776,1,0,2,0,4,2,9,0,1968.0,3,888,0,25,0,0,0,0,0,7,2009,110000
1272,20,,9156,6,7,1968,1968,0.0,0,0,1489,1489,1489,0,0,1489,0,0,2,0,3,1,7,1,1968.0,2,462,0,0,0,0,0,0,0,8,2009,185750
616,85,80.0,8800,6,7,1963,1963,156.0,763,0,173,936,1054,0,0,1054,1,0,1,0,3,1,6,0,1963.0,2,480,120,0,0,0,0,0,0,5,2010,137500
403,30,60.0,10200,5,8,1940,1997,0.0,0,0,672,672,672,0,0,672,0,0,1,0,2,1,4,0,1940.0,1,240,168,0,0,0,0,0,0,8,2008,108000
1365,160,30.0,3180,7,5,2005,2005,0.0,0,0,600,600,520,600,80,1200,0,0,2,1,2,1,4,0,2005.0,2,480,0,166,0,0,0,0,0,4,2006,144152
73,60,74.0,10141,7,5,1998,1998,40.0,0,0,832,832,885,833,0,1718,0,0,2,1,3,1,7,1,1998.0,2,427,0,94,0,0,291,0,0,12,2009,185000
331,90,,10624,5,4,1964,1964,84.0,40,264,1424,1728,1728,0,0,1728,0,1,2,0,6,2,10,0,2002.0,1,352,155,0,0,0,0,0,0,11,2007,119000
327,120,32.0,10846,8,5,1993,1993,0.0,1619,0,100,1719,1719,0,0,1719,2,0,1,1,1,1,6,2,1993.0,2,473,122,30,0,0,0,0,0,5,2008,324000
617,60,,7861,6,5,2002,2003,0.0,457,0,326,783,807,702,0,1509,1,0,2,1,3,1,7,1,2002.0,2,393,100,75,0,0,0,0,0,6,2006,183200
985,90,75.0,10125,5,5,1977,1977,0.0,0,0,0,0,1302,432,0,1734,0,0,2,0,4,2,8,0,1977.0,2,539,0,0,0,0,0,0,0,8,2009,126000
43,85,,9180,5,7,1983,1983,0.0,747,93,0,840,884,0,0,884,1,0,1,0,2,1,5,0,1983.0,2,504,240,0,0,0,0,0,0,12,2007,144000
